Submission id,Participant id,Status,Started at,Completed at,Reviewed at,Archived at,Time taken,Completion code,Total approvals,Age,Sex,Ethnicity simplified,Country of birth,Country of residence,Nationality,Language,Student status,Employment status
6595cd77dc9090390e4ed57c,60fdb346754e018cbca22ebc,AWAITING REVIEW,2024-01-03T21:11:23.274000Z,2024-01-03T21:21:16.799000Z,,2024-01-03T21:21:17.462326Z,594.0,C9DG4TYX,49,28,Female,White,United States,United States,United States,English,No,Full-Time
659c609cfd2cd252f42c03bb,655fdb5fd3416866732de4e7,AWAITING REVIEW,2024-01-08T20:52:47.096000Z,2024-01-08T21:09:58.635000Z,,2024-01-08T21:09:59.142615Z,1032.0,C9DG4TYX,208,26,Female,Asian,United States,United States,United States,English,No,Full-Time
659c60b97266c278e349cea2,6415e163b670eed64ad645ff,AWAITING REVIEW,2024-01-08T20:53:20.703000Z,2024-01-08T21:04:11.037000Z,,2024-01-08T21:04:11.522833Z,651.0,C9DG4TYX,785,59,Female,White,United States,United States,United States,English,DATA_EXPIRED,DATA_EXPIRED
659c60e6cfe0425704d9aef1,5dd43c63390fb6428d4974f0,AWAITING REVIEW,2024-01-08T20:54:04.564000Z,2024-01-08T21:08:00.728000Z,,2024-01-08T21:08:01.238418Z,837.0,C9DG4TYX,1655,39,Female,White,United States,United States,United States,English,No,Full-Time
659c60ef95ca8d2e4b1d6705,5dc5bd296a8a334443fbf216,AWAITING REVIEW,2024-01-08T20:54:12.578000Z,2024-01-08T21:12:52.033000Z,,2024-01-08T21:12:52.577582Z,1120.0,C9DG4TYX,1479,52,Female,White,United States,United States,United States,English,No,"Not in paid work (e.g. homemaker', 'retired or disabled)"
659c60f101836f4a054f28a7,5c2965d11c8e4c0001b309b7,AWAITING REVIEW,2024-01-08T20:54:23.254000Z,2024-01-08T21:19:39.578000Z,,2024-01-08T21:19:40.052239Z,1517.0,C9DG4TYX,773,47,Female,White,United States,United States,United States,English,Yes,Full-Time
659c61554fa7aba3e99e2224,60714361f47701ab73535ae8,AWAITING REVIEW,2024-01-08T20:55:52.736000Z,2024-01-08T21:11:35.626000Z,,2024-01-08T21:11:36.827474Z,943.0,C9DG4TYX,389,52,Female,White,United States,United States,United States,English,No,Full-Time
659c61ccf0063e8589dc623b,63a3375101319bb7cb39f654,AWAITING REVIEW,2024-01-08T20:57:53.248000Z,2024-01-08T21:11:15.475000Z,,2024-01-08T21:11:15.909295Z,803.0,C9DG4TYX,673,53,Female,Black,United States,United States,United States,English,No,Unemployed (and job seeking)
659c61f7a8517af6e61d68c5,65510faa7f1a8b75b43a44ca,AWAITING REVIEW,2024-01-08T20:58:38.134000Z,2024-01-08T21:09:16.790000Z,,2024-01-08T21:09:17.414791Z,639.0,C9DG4TYX,304,28,Female,Other,United States,United States,United States,English,Yes,Unemployed (and job seeking)
659c6297289426d4bcd6bf4e,610842f58a24a351465246d7,AWAITING REVIEW,2024-01-08T21:01:16.609000Z,2024-01-08T21:14:28.124000Z,,2024-01-08T21:14:28.624593Z,792.0,C9DG4TYX,580,25,Female,White,United States,United States,United States,English,DATA_EXPIRED,Full-Time
659c62cf55cf3235b06a029f,64664bc615dd4139df276075,AWAITING REVIEW,2024-01-08T21:02:11.199000Z,2024-01-08T21:12:21.870000Z,,2024-01-08T21:12:22.608177Z,611.0,C9DG4TYX,1046,43,Male,Asian,United States,United States,United States,English,DATA_EXPIRED,DATA_EXPIRED
659c63832bf6c7131e7a0c94,5ce9fef0dfb272001996155b,AWAITING REVIEW,2024-01-08T21:05:11.551000Z,2024-01-08T21:15:29.754000Z,,2024-01-08T21:15:30.237588Z,619.0,C9DG4TYX,2266,36,Female,White,United States,United States,United States,English,No,"Not in paid work (e.g. homemaker', 'retired or disabled)"
659c639bab8de901335ba7b7,5f120594adcb84118a2bd752,AWAITING REVIEW,2024-01-08T21:05:34.633000Z,2024-01-08T21:18:57.965000Z,,2024-01-08T21:18:58.407168Z,804.0,C9DG4TYX,440,33,Male,Mixed,United States,United States,United States,English,No,"Not in paid work (e.g. homemaker', 'retired or disabled)"
659c63af85e8225645cc6a54,5757a0d300ca3200072678fa,AWAITING REVIEW,2024-01-08T21:05:57.995000Z,2024-01-08T21:26:12.394000Z,,2024-01-08T21:26:12.812932Z,1215.0,C9DG4TYX,259,42,Female,White,United States,United States,United States,English,No,Part-Time
659c63c19931fee829fd2fc8,659c020f271b6b6ec7d3fc10,AWAITING REVIEW,2024-01-08T21:06:14.223000Z,2024-01-08T21:42:53.046000Z,,2024-01-08T21:42:53.510301Z,2199.0,C9DG4TYX,8,41,Male,Black,Nigeria,United States,United States,English,DATA_EXPIRED,DATA_EXPIRED
659c63feb5e60f104b9064a2,5b87e73d53303600015ea51c,AWAITING REVIEW,2024-01-08T21:07:56.523000Z,2024-01-08T21:17:03.478000Z,,2024-01-08T21:17:03.945861Z,547.0,C9DG4TYX,1286,36,Male,Mixed,United States,United States,United States,English,Yes,Full-Time
659c641a6956e8dedb3412ec,5f60fa0a0543ce036fa68ba0,AWAITING REVIEW,2024-01-08T21:07:46.489000Z,2024-01-08T21:29:15.850000Z,,2024-01-08T21:29:16.385596Z,1290.0,C9DG4TYX,1357,64,Female,White,United States,United States,United States,English,No,"Not in paid work (e.g. homemaker', 'retired or disabled)"
659c642bcfe0425704d9afc8,6020a97ae790606e1add320d,AWAITING REVIEW,2024-01-08T21:10:05.228000Z,2024-01-08T21:39:46.728000Z,,2024-01-08T21:39:47.135469Z,1782.0,C9DG4TYX,1004,34,Female,Black,United States,United States,United States,English,No,DATA_EXPIRED
659c64312bf6c7131e7a0cbc,5de6eca0a91be366cbb5ffe2,AWAITING REVIEW,2024-01-08T21:08:10.128000Z,2024-01-08T21:28:01.149000Z,,2024-01-08T21:28:01.733335Z,1192.0,C9DG4TYX,1327,38,Female,White,United States,United States,United States,English,DATA_EXPIRED,DATA_EXPIRED
659c643c4fa7aba3e99e230e,60fde74940100db428b34a06,AWAITING REVIEW,2024-01-08T21:08:47.543000Z,2024-01-08T21:22:40.252000Z,,2024-01-08T21:22:40.787186Z,833.0,C9DG4TYX,3316,60,Female,White,United Kingdom,United States,United States,English,No,Full-Time
659c646decfcf80396d1d45b,62bbcce64f644bd5698c9422,AWAITING REVIEW,2024-01-08T21:09:06.091000Z,2024-01-08T21:24:08.047000Z,,2024-01-08T21:24:08.566413Z,902.0,C9DG4TYX,2385,44,Male,White,United States,United States,United States,English,No,Full-Time
659c6497974be7f56ad1d057,63403b47287756c1978d2985,AWAITING REVIEW,2024-01-08T21:09:47.704000Z,2024-01-08T21:23:15.490000Z,,2024-01-08T21:23:15.942072Z,808.0,C9DG4TYX,2045,27,Male,White,United States,United States,United States,English,DATA_EXPIRED,DATA_EXPIRED
659c649f30f9dd52ab4da9bf,64ebaee7299cd319130bad92,AWAITING REVIEW,2024-01-08T21:09:56.403000Z,2024-01-08T21:20:15.113000Z,,2024-01-08T21:20:15.651398Z,619.0,C9DG4TYX,124,32,Female,White,United States,United States,United States,English,No,DATA_EXPIRED
659c64ecf59c72a20e2b5eea,651c1abbc73b6eea8fa97193,AWAITING REVIEW,2024-01-08T21:11:16.883000Z,2024-01-08T21:32:19.098000Z,,2024-01-08T21:32:19.719957Z,1263.0,C9DG4TYX,671,68,Female,White,United States,United States,United States,English,No,"Not in paid work (e.g. homemaker', 'retired or disabled)"
659c64f55f434ae7674c7028,559052f3fdf99b3f7aada553,AWAITING REVIEW,2024-01-08T21:11:20.810000Z,2024-01-08T21:18:57.118000Z,,2024-01-08T21:18:57.551066Z,457.0,C9DG4TYX,461,41,Female,DATA_EXPIRED,United States,United States,United States,English,No,DATA_EXPIRED
659c650d01c4bba4fc9087d8,6401fab47eb81e7326152d8e,AWAITING REVIEW,2024-01-08T21:11:44.064000Z,2024-01-08T21:30:10.316000Z,,2024-01-08T21:30:10.754253Z,1107.0,C9DG4TYX,521,25,Male,Asian,Korea,United States,United States,English,No,Other
659c6511bf2c64393c716087,5f4df2b4bdb2449bd751ce51,AWAITING REVIEW,2024-01-08T21:18:52.615000Z,2024-01-08T22:10:17.045000Z,,2024-01-08T22:10:17.565556Z,3085.0,C9DG4TYX,3503,37,Male,White,United States,United States,United States,DATA_EXPIRED,DATA_EXPIRED,DATA_EXPIRED
659c6527ab8de901335ba82c,632f16551c905f94e05945bd,AWAITING REVIEW,2024-01-08T21:12:30.782000Z,2024-01-08T21:31:41.092000Z,,2024-01-08T21:31:41.623025Z,1151.0,C9DG4TYX,2072,42,Male,White,Serbia,United States,United States,English,No,Full-Time
659c656671d2efe1b72918f9,63fcb3abff7248e2177ddb48,AWAITING REVIEW,2024-01-08T21:13:21.699000Z,2024-01-08T21:24:01.925000Z,,2024-01-08T21:24:02.580042Z,641.0,C9DG4TYX,548,27,Female,Black,United States,United States,United States,English,DATA_EXPIRED,DATA_EXPIRED
659c65759b85d977885fac54,62348c41368404b2ade8312b,AWAITING REVIEW,2024-01-08T21:13:29.561000Z,2024-01-08T21:25:10.309000Z,,2024-01-08T21:25:10.780574Z,701.0,C9DG4TYX,4149,67,Female,White,United States,United States,United States,English,No,Full-Time
659c657f5d7fc1a7769305fe,5c9b11249cd82b00174fd7ad,AWAITING REVIEW,2024-01-08T21:13:37.486000Z,2024-01-08T21:25:21.081000Z,,2024-01-08T21:25:21.659866Z,704.0,C9DG4TYX,2437,40,Male,White,United States,United States,United States,English,No,Full-Time
659c6583981dcb53b16a81d5,6533dcf30be32bb486a7a6b8,AWAITING REVIEW,2024-01-08T21:13:43.092000Z,2024-01-08T21:32:43.506000Z,,2024-01-08T21:32:43.905225Z,1141.0,C9DG4TYX,149,60,Female,White,United States,United States,United States,English,No,Full-Time
659c65a7d19535629e85665b,5dfda52097234ba7a779bea7,AWAITING REVIEW,2024-01-08T21:14:33.620000Z,2024-01-08T21:37:56.037000Z,,2024-01-08T21:37:56.665071Z,1403.0,C9DG4TYX,2052,59,Female,White,United States,United States,United States,Arabic,DATA_EXPIRED,DATA_EXPIRED
659c65d1e90db3f5f1073ae3,63936bad01efa1e55f6e149d,AWAITING REVIEW,2024-01-08T21:14:57.381000Z,2024-01-08T21:31:19.321000Z,,2024-01-08T21:31:19.868389Z,982.0,C9DG4TYX,2654,58,Female,White,United States,United States,United States,English,No,"Not in paid work (e.g. homemaker', 'retired or disabled)"
659c65eb589ac76150cc63c6,6579cbad2b12085e66f84513,AWAITING REVIEW,2024-01-08T21:15:29.241000Z,2024-01-08T21:25:48.008000Z,,2024-01-08T21:25:48.467373Z,619.0,C9DG4TYX,111,28,Female,White,United States,United States,United States,English,No,Full-Time
659c65ee90d356c8dae3659a,65220979d69c80f0f6af18b4,AWAITING REVIEW,2024-01-08T21:15:31.145000Z,2024-01-08T21:30:03.032000Z,,2024-01-08T21:30:03.496954Z,872.0,C9DG4TYX,257,23,Female,Asian,United States,United States,United States,English,No,Unemployed (and job seeking)
659c66115f434ae7674c7071,65085fb91a4cb8bd22420fef,AWAITING REVIEW,2024-01-08T21:16:14.994000Z,2024-01-08T21:45:53.775000Z,,2024-01-08T21:45:54.244203Z,1779.0,C9DG4TYX,21,73,Male,White,United States,United States,United States,English,DATA_EXPIRED,DATA_EXPIRED
659c6631e2aa4a0b02a66f53,654940915346b76d2dd9e61a,AWAITING REVIEW,2024-01-08T21:16:40.995000Z,2024-01-08T21:40:25.508000Z,,2024-01-08T21:40:25.999290Z,1425.0,C9DG4TYX,100,53,Female,White,United States,United States,United States,English,No,Full-Time
659c663371d2efe1b7291934,55c7b92efdf99b5f0ead5d4d,AWAITING REVIEW,2024-01-08T21:16:38.933000Z,2024-01-08T21:26:24.515000Z,,2024-01-08T21:26:24.954864Z,586.0,C9DG4TYX,212,31,Female,White,United States,United States,United States,English,No,Unemployed (and job seeking)
659c6637981dcb53b16a8206,653d552eb6d4d4f047567fa1,AWAITING REVIEW,2024-01-08T21:16:44.039000Z,2024-01-08T21:24:42.085000Z,,2024-01-08T21:24:42.789559Z,479.0,C9DG4TYX,309,42,Female,White,United States,United States,United States,English,No,Full-Time
659c6668e2aa4a0b02a66f63,6140d7cdf9bc6016591c2878,AWAITING REVIEW,2024-01-08T21:19:24.431000Z,2024-01-08T21:44:04.222000Z,,2024-01-08T21:44:04.813877Z,1480.0,C9DG4TYX,3378,47,Female,White,United States,United States,United States,English,DATA_EXPIRED,DATA_EXPIRED
659c66688f2aa4d9f5856228,5ddff33bb28cf706c57b4c88,AWAITING REVIEW,2024-01-08T21:17:33.016000Z,2024-01-08T21:53:52.568000Z,,2024-01-08T21:53:53.086760Z,2180.0,C9DG4TYX,2430,29,Male,White,United States,United States,United States,English,No,Full-Time
659c666a97b2569031d6c09f,599eaf0fbfd73c00010ea24e,AWAITING REVIEW,2024-01-08T21:17:34.938000Z,2024-01-08T21:28:01.945000Z,,2024-01-08T21:28:02.480607Z,628.0,C9DG4TYX,2081,45,Female,White,United States,United States,United States,English,No,Part-Time
659c6673d19535629e856696,600735ac42969f1dbea8a16f,AWAITING REVIEW,2024-01-08T21:17:42.746000Z,2024-01-08T21:25:43.965000Z,,2024-01-08T21:25:44.422728Z,482.0,C9DG4TYX,4476,32,Male,White,United States,United States,United States,English,Yes,DATA_EXPIRED
659c66816248cdad386a021d,6119d9f5a882080ef1c9e9e6,AWAITING REVIEW,2024-01-08T21:17:54.977000Z,2024-01-08T21:24:41.659000Z,,2024-01-08T21:24:42.177734Z,407.0,C9DG4TYX,3744,24,Male,White,United States,United States,United States,English,DATA_EXPIRED,DATA_EXPIRED
659c66a1d6df80a363906693,65980d658f33743dcc17d5ca,AWAITING REVIEW,2024-01-08T21:18:31.800000Z,2024-01-08T21:41:49.565000Z,,2024-01-08T21:41:50.054411Z,1398.0,C9DG4TYX,10,46,Female,Black,United States,United States,United States,English,No,Full-Time
659c66cc0fc567f44b81876a,5d2a49241d8d930001c263a7,AWAITING REVIEW,2024-01-08T21:19:15.190000Z,2024-01-08T21:28:02.381000Z,,2024-01-08T21:28:02.833389Z,528.0,C9DG4TYX,662,35,Female,White,United States,United States,United States,English,No,Unemployed (and job seeking)
659c66d7b8497d936d5ba44e,5c78b032419dcc0014119082,AWAITING REVIEW,2024-01-08T21:22:41.410000Z,2024-01-08T22:10:15.504000Z,,2024-01-08T22:10:16.022284Z,2855.0,C9DG4TYX,3422,38,Male,White,United States,United States,United States,English,DATA_EXPIRED,DATA_EXPIRED
659c66d82bf6c7131e7a0d4c,609e46e5cb0af2f5cbe1571c,AWAITING REVIEW,2024-01-08T21:19:24.115000Z,2024-01-08T21:41:48.408000Z,,2024-01-08T21:41:49.131511Z,1345.0,C9DG4TYX,392,DATA_EXPIRED,Female,White,United States,United States,United States,English,DATA_EXPIRED,DATA_EXPIRED
659c66de59cfe3efb54da9cc,6487901ef9fad1bfcf43daa5,AWAITING REVIEW,2024-01-08T21:19:33.522000Z,2024-01-08T22:06:10.003000Z,,2024-01-08T22:06:10.431566Z,2797.0,C9DG4TYX,1071,49,Male,White,United States,United States,United States,English,Yes,Part-Time
659c66e0880e139e635fac6e,64135e3d9cd5e3f16290d29c,AWAITING REVIEW,2024-01-08T21:19:32.579000Z,2024-01-08T21:50:47.901000Z,,2024-01-08T21:50:48.528919Z,1876.0,C9DG4TYX,1728,25,Male,Asian,United States,United States,United States,English,DATA_EXPIRED,DATA_EXPIRED
659c66f6e786e5be16ac5767,60fe287fe9273c5712dbd045,AWAITING REVIEW,2024-01-08T21:19:54.425000Z,2024-01-08T21:31:08.550000Z,,2024-01-08T21:31:09.057679Z,675.0,C9DG4TYX,19,27,Female,White,United States,United States,United States,Polish,No,Full-Time
659c66fcba40684c57db4ce7,5ec5a705a9b68d5f1f482ce5,AWAITING REVIEW,2024-01-08T21:20:01.152000Z,2024-01-08T21:29:41.250000Z,,2024-01-08T21:29:41.643136Z,581.0,C9DG4TYX,1595,44,Female,Asian,United States,United States,United States,English,No,Unemployed (and job seeking)
659c66fe61bccccb3c908448,6409f226765c80e737f20aca,AWAITING REVIEW,2024-01-08T21:20:03.171000Z,2024-01-08T21:31:04.291000Z,,2024-01-08T21:31:04.823269Z,662.0,C9DG4TYX,591,31,Male,White,United States,United States,United States,English,DATA_EXPIRED,DATA_EXPIRED
659c67026956e8dedb3413c8,64e24ae55add4e83a04048d7,AWAITING REVIEW,2024-01-08T21:20:07.302000Z,2024-01-08T21:45:07.052000Z,,2024-01-08T21:45:07.586373Z,1500.0,C9DG4TYX,284,55,Female,Black,United States,United States,United States,English,No,Part-Time
659c6702d58efaca7f60df89,58380cb9f1faf8000129673a,AWAITING REVIEW,2024-01-08T21:20:02.690000Z,2024-01-08T22:17:20.372000Z,,2024-01-08T22:17:20.848599Z,3438.0,C9DG4TYX,1718,29,Male,White,United States,United States,United States,English,No,Full-Time
659c670c584ce4dc0d38ac2e,65182074ea1027b3193b5a60,AWAITING REVIEW,2024-01-08T21:20:24.453000Z,2024-01-08T21:33:45.285000Z,,2024-01-08T21:33:45.719548Z,801.0,C9DG4TYX,458,30,Male,Other,Ecuador,United States,United States,Spanish,Yes,Part-Time
659c670f97b2569031d6c0df,63616640b17046286153dad8,AWAITING REVIEW,2024-01-08T21:24:22.844000Z,2024-01-08T21:39:51.595000Z,,2024-01-08T21:39:52.101148Z,929.0,C9DG4TYX,80,27,Female,White,United States,United States,United States,English,No,Other
659c672097b8f168df815915,6298fbc8e35ae6800ccb3128,AWAITING REVIEW,2024-01-08T21:20:35.394000Z,2024-01-08T21:33:55.497000Z,,2024-01-08T21:33:56.068845Z,801.0,C9DG4TYX,1507,DATA_EXPIRED,Female,White,United States,United States,United States,English,DATA_EXPIRED,DATA_EXPIRED
659c6721d9058a6a91a786d0,610084c65949e85fa4ba83d7,AWAITING REVIEW,2024-01-08T21:20:37.020000Z,2024-01-08T21:35:59.788000Z,,2024-01-08T21:36:01.193323Z,923.0,C9DG4TYX,328,20,Female,White,United States,United States,United States,English,Yes,Other
659c6725289426d4bcd6c059,652439c39ee97cd651caf1d7,AWAITING REVIEW,2024-01-08T21:20:44.258000Z,2024-01-08T21:39:05.557000Z,,2024-01-08T21:39:05.989298Z,1102.0,C9DG4TYX,62,83,Female,White,United States,United States,United States,English,DATA_EXPIRED,DATA_EXPIRED
659c672912bf901ebddb4ec5,5c53a745db44c600010d7612,AWAITING REVIEW,2024-01-08T21:20:47.576000Z,2024-01-08T21:33:44.023000Z,,2024-01-08T21:33:44.463933Z,777.0,C9DG4TYX,1691,DATA_EXPIRED,Female,White,United States,United States,United States,English,DATA_EXPIRED,DATA_EXPIRED
659c672ce0497b1b6ab601b5,6365ab361b71daa9f0eed7bd,AWAITING REVIEW,2024-01-08T21:20:50.693000Z,2024-01-08T22:26:21.061000Z,,2024-01-08T22:26:21.635280Z,3931.0,NOCODE,876,38,Male,Black,United States,United States,United States,English,Yes,Full-Time
659c6735d022a563f00fcee8,56a3211edbe850000bfcedc6,AWAITING REVIEW,2024-01-08T21:23:37.169000Z,2024-01-08T21:40:00.629000Z,,2024-01-08T21:40:01.083630Z,984.0,C9DG4TYX,969,23,Male,Black,United States,United States,United States,English,No,Full-Time
659c6739880e139e635fac7f,61108741d56b5a068a41a2ac,AWAITING REVIEW,2024-01-08T21:21:04.319000Z,2024-01-08T21:31:00.155000Z,,2024-01-08T21:31:00.557923Z,596.0,C9DG4TYX,384,24,Female,White,United States,United States,United States,English,Yes,Part-Time
659c673ffeb4342373d9b3b2,61083eff2ec30097bf53dc1d,AWAITING REVIEW,2024-01-08T21:21:05.499000Z,2024-01-08T21:28:31.163000Z,,2024-01-08T21:28:31.665195Z,446.0,C9DG4TYX,26,29,Female,White,United States,United States,United States,English,No,Full-Time
659c67654c830d6ce2228f26,5e3730e29367056cd1c6f168,AWAITING REVIEW,2024-01-08T21:22:07.789000Z,2024-01-08T21:43:29.161000Z,,2024-01-08T21:43:29.715298Z,1282.0,C9DG4TYX,2581,63,Female,White,United States,United States,United States,English,No,DATA_EXPIRED
659c676630f9dd52ab4daa9c,584626b7e0ba710001a47438,AWAITING REVIEW,2024-01-08T21:21:46.959000Z,2024-01-08T21:43:44.465000Z,,2024-01-08T21:43:44.902147Z,1318.0,C9DG4TYX,2015,33,Male,Mixed,United States,United States,United States,English,No,Unemployed (and job seeking)
659c677661bccccb3c908475,60fd5a99c4e4ead0c9a6fff4,AWAITING REVIEW,2024-01-08T21:22:01.601000Z,2024-01-08T21:32:25.042000Z,,2024-01-08T21:32:25.479917Z,624.0,C9DG4TYX,1686,30,Female,White,United States,United States,United States,English,Yes,Full-Time
659c6791c1eac6aa74ea3597,5dd78dc3238a9171fbd93f22,AWAITING REVIEW,2024-01-08T21:22:33.443000Z,2024-01-08T21:34:31.651000Z,,2024-01-08T21:34:32.136750Z,719.0,C9DG4TYX,635,43,Female,Other,United States,United States,United States,English,No,"Not in paid work (e.g. homemaker', 'retired or disabled)"
659c6798f59c72a20e2b5ff6,629aaa38fdfc8168501b930e,AWAITING REVIEW,2024-01-08T21:22:32.411000Z,2024-01-08T21:56:36.575000Z,,2024-01-08T21:56:37.060347Z,2045.0,C9DG4TYX,2460,44,Male,White,United States,United States,United States,English,No,DATA_EXPIRED
659c6799ecfcf80396d1d559,6100c53c97a1d59951d78b60,AWAITING REVIEW,2024-01-08T21:22:38.334000Z,2024-01-08T21:36:17.959000Z,,2024-01-08T21:36:18.433115Z,820.0,C9DG4TYX,487,25,Female,White,United States,United States,United States,English,No,Full-Time
659c679d880e139e635fac99,641b75662ac773952a58da70,AWAITING REVIEW,2024-01-08T21:22:44.072000Z,2024-01-08T21:36:42.208000Z,,2024-01-08T21:36:42.932117Z,839.0,C9DG4TYX,787,20,Male,White,DATA_EXPIRED,United States,United States,English,DATA_EXPIRED,DATA_EXPIRED
659c67a38f5ba8c7b47e51c8,652a11d7321be8262b1c6da9,AWAITING REVIEW,2024-01-08T21:22:54.581000Z,2024-01-08T21:33:51.708000Z,,2024-01-08T21:33:52.145615Z,658.0,C9DG4TYX,198,35,Female,Black,United States,United States,United States,English,Yes,Full-Time
659c67a83542dad8cfab52f1,628680b0d4bdb53d2edbeae2,AWAITING REVIEW,2024-01-08T21:22:58.467000Z,2024-01-08T21:35:09.199000Z,,2024-01-08T21:35:09.789789Z,731.0,C9DG4TYX,3461,57,Female,White,United States,United States,United States,English,No,Unemployed (and job seeking)
659c67b18f5ba8c7b47e51ce,56e5e6ef25f3bd000a40820c,AWAITING REVIEW,2024-01-08T21:23:01.188000Z,2024-01-08T21:33:15.522000Z,,2024-01-08T21:33:15.927908Z,615.0,C9DG4TYX,1684,51,Female,White,United States,United States,United States,English,No,Full-Time
659c67b846c47d37869e2752,656e944f9e32236d84a2ac8c,AWAITING REVIEW,2024-01-08T21:23:09.796000Z,2024-01-08T21:35:21.288000Z,,2024-01-08T21:35:21.894259Z,732.0,C9DG4TYX,2,26,Female,White,United States,United States,United States,English,No,"Not in paid work (e.g. homemaker', 'retired or disabled)"
659c67bc85e8225645cc6b58,63d996f37c5b1b3053f8251c,AWAITING REVIEW,2024-01-08T21:23:13.600000Z,2024-01-08T21:31:04.376000Z,,2024-01-08T21:31:04.858851Z,471.0,C9DG4TYX,1631,50,Male,White,United States,United States,United States,English,DATA_EXPIRED,DATA_EXPIRED
659c67c346c47d37869e2756,646f74e17638d9361ed60551,AWAITING REVIEW,2024-01-08T21:23:19.582000Z,2024-01-08T21:41:05.052000Z,,2024-01-08T21:41:05.515891Z,1066.0,C9DG4TYX,1747,49,Male,Black,United States,United States,United States,English,Yes,Full-Time
659c67c49b85d977885fad06,5e70e4309b339b03acc24159,AWAITING REVIEW,2024-01-08T21:27:15.749000Z,2024-01-08T21:39:17.040000Z,,2024-01-08T21:39:17.449963Z,722.0,C9DG4TYX,749,26,Male,White,United States,United States,United States,English,No,Unemployed (and job seeking)
659c67c595ca8d2e4b1d690c,6107df8148ecfbfe09d2b1a4,AWAITING REVIEW,2024-01-08T21:23:22.140000Z,2024-01-08T21:36:14.768000Z,,2024-01-08T21:36:15.274150Z,773.0,C9DG4TYX,402,29,Female,White,United States,United States,United States,English,No,Full-Time
659c67c69dea0bd16021275d,65710a3004878fbbb10a55ab,AWAITING REVIEW,2024-01-08T21:23:31.250000Z,2024-01-08T22:37:49.388000Z,,2024-01-08T22:37:49.899352Z,4459.0,C9DG4TYX,18,26,Male,Mixed,United States,United States,United States,English,Yes,Unemployed (and job seeking)
659c67cd317fd55a97dc61b4,5b9b422307c6960001614c35,AWAITING REVIEW,2024-01-08T21:23:28.636000Z,2024-01-08T21:55:00.575000Z,,2024-01-08T21:55:01.001012Z,1892.0,C9DG4TYX,1222,40,Female,Other,United States,United States,United States,English,No,Unemployed (and job seeking)
659c67d0cfe0425704d9b113,610ae34ec0cc39cae86f9962,AWAITING REVIEW,2024-01-08T21:23:34.114000Z,2024-01-08T21:37:53.973000Z,,2024-01-08T21:37:55.367101Z,860.0,C9DG4TYX,81,23,Female,White,United States,United States,United States,English,DATA_EXPIRED,DATA_EXPIRED
659c68054c830d6ce2228f59,60fe3068239127c9477e476c,AWAITING REVIEW,2024-01-08T21:24:32.293000Z,2024-01-08T21:52:37.765000Z,,2024-01-08T21:52:38.413180Z,1686.0,C9DG4TYX,271,20,Female,Mixed,United States,United States,United States,English,Yes,Unemployed (and job seeking)
659c680c9b85d977885fad19,610b679457bee69e470c1b0d,AWAITING REVIEW,2024-01-08T21:24:34.628000Z,2024-01-08T21:39:38.624000Z,,2024-01-08T21:39:39.223979Z,904.0,C9DG4TYX,104,27,Female,White,United States,United States,United States,English,No,"Not in paid work (e.g. homemaker', 'retired or disabled)"
659c680d589ac76150cc645f,60fd02da0a86e809c27e1814,AWAITING REVIEW,2024-01-08T21:29:03.468000Z,2024-01-08T21:38:36.239000Z,,2024-01-08T21:38:36.910932Z,573.0,C9DG4TYX,450,20,Female,White,United States,United States,United States,Armenian,Yes,Part-Time
659c681bba40684c57db4d29,576704bffdff7a0001c12890,AWAITING REVIEW,2024-01-08T21:24:47.107000Z,2024-01-08T21:48:07.248000Z,,2024-01-08T21:48:07.745343Z,1401.0,C9DG4TYX,4794,41,Male,Mixed,United States,United States,United States,English,No,Full-Time
659c682070f4d36d4c7a0a4b,5a6ff39ef660ae0001a9837e,AWAITING REVIEW,2024-01-08T21:25:31.967000Z,2024-01-08T21:35:15.631000Z,,2024-01-08T21:35:16.111595Z,584.0,C9DG4TYX,1963,26,Female,White,United States,United States,United States,English,No,Full-Time
659c6826cfe0425704d9b13d,5d3cc9010e510a00013df6f6,AWAITING REVIEW,2024-01-08T21:25:06.216000Z,2024-01-08T21:31:47.860000Z,,2024-01-08T21:31:48.581905Z,402.0,C9DG4TYX,5458,24,Male,Mixed,United States,United States,United States,English,Yes,"Not in paid work (e.g. homemaker', 'retired or disabled)"
659c6828b6512b3a147940fa,610e0dc76d43ecb6fea93855,AWAITING REVIEW,2024-01-08T21:25:08.261000Z,2024-01-08T21:38:27.406000Z,,2024-01-08T21:38:27.919581Z,800.0,C9DG4TYX,2009,41,Male,Mixed,United States,United States,United States,English,No,"Not in paid work (e.g. homemaker', 'retired or disabled)"
659c68431bc3f38c24291c77,63e1dbd6e3b024508cfb12e9,AWAITING REVIEW,2024-01-08T21:25:38.109000Z,2024-01-08T21:38:34.666000Z,,2024-01-08T21:38:35.150308Z,777.0,C9DG4TYX,1507,50,Male,White,United States,United States,United States,English,No,Full-Time
659c684cb44bbfadb4a7858d,63c18301a31679d3e3e39101,AWAITING REVIEW,2024-01-08T21:25:36.789000Z,2024-01-08T21:41:09.343000Z,,2024-01-08T21:41:09.827923Z,933.0,C9DG4TYX,1201,54,Female,White,United States,United States,United States,English,DATA_EXPIRED,DATA_EXPIRED
659c6853ba40684c57db4d37,6384b97816d14b8bf1ec17aa,AWAITING REVIEW,2024-01-08T21:25:56.677000Z,2024-01-08T21:45:29.608000Z,,2024-01-08T21:45:30.140506Z,1173.0,C9DG4TYX,285,66,Female,White,United States,United States,United States,English,No,"Not in paid work (e.g. homemaker', 'retired or disabled)"
659c685461bccccb3c9084e5,64601d5bf3f4d849a794097c,AWAITING REVIEW,2024-01-08T21:25:46.118000Z,2024-01-08T21:47:05.386000Z,,2024-01-08T21:47:05.857826Z,1280.0,C9DG4TYX,1835,49,Female,White,United States,United States,United States,English,DATA_EXPIRED,DATA_EXPIRED
659c6855289426d4bcd6c0a5,6111a1cd4d05c461f45074be,AWAITING REVIEW,2024-01-08T21:25:55.395000Z,2024-01-08T21:34:15.222000Z,,2024-01-08T21:34:15.696159Z,500.0,C9DG4TYX,64,22,Female,White,United States,United States,United States,English,Yes,DATA_EXPIRED
659c6855feb4342373d9b3fb,608db0d33c7ffc2af3600478,AWAITING REVIEW,2024-01-08T21:25:46.558000Z,2024-01-08T21:35:02.567000Z,,2024-01-08T21:35:03.015861Z,557.0,C9DG4TYX,2575,38,Male,Asian,United States,United States,United States,English,DATA_EXPIRED,DATA_EXPIRED
659c685dfeb4342373d9b3fd,5694e7b5e0c800000b5a3841,AWAITING REVIEW,2024-01-08T21:25:53.300000Z,2024-01-08T21:46:20.017000Z,,2024-01-08T21:46:20.518497Z,1227.0,C9DG4TYX,3049,50,Male,White,United States,United States,United States,English,No,Full-Time
659c686d468d5232c441c3a4,6245c8c532cdc22633ecbf3f,AWAITING REVIEW,2024-01-08T21:26:09.166000Z,2024-01-08T21:34:47.784000Z,,2024-01-08T21:34:48.219572Z,519.0,C9DG4TYX,2133,30,Male,White,United States,United States,United States,English,DATA_EXPIRED,DATA_EXPIRED
659c68827f7fc72aa6666093,5dc8465ad362415b3383405f,AWAITING REVIEW,2024-01-08T21:26:29.478000Z,2024-01-08T21:46:18.642000Z,,2024-01-08T21:46:19.151029Z,1190.0,C9DG4TYX,1937,32,Male,Asian,United States,United States,United States,English,No,DATA_EXPIRED
659c688959b00828dd2b5f88,654b9e50dc38506c10831a0b,AWAITING REVIEW,2024-01-08T21:26:33.143000Z,2024-01-08T21:41:55.908000Z,,2024-01-08T21:41:56.477163Z,923.0,NOCODE,324,36,Male,Black,Nigeria,United States,United States,English,No,DATA_EXPIRED
659c688f95ca8d2e4b1d6951,614f2de48a5fdf9347f1cd4e,AWAITING REVIEW,2024-01-08T21:26:43.512000Z,2024-01-08T21:40:02.429000Z,,2024-01-08T21:40:02.900535Z,799.0,C9DG4TYX,2090,37,Female,White,United States,United States,United States,English,Yes,Full-Time
659c689990d356c8dae36684,5dbddfb8a7b7bc306f4f5daa,AWAITING REVIEW,2024-01-08T21:26:53.190000Z,2024-01-08T21:41:01.362000Z,,2024-01-08T21:41:01.846497Z,849.0,C9DG4TYX,1312,44,Female,White,United States,United States,United States,English,DATA_EXPIRED,Part-Time
659c68a730f9dd52ab4dab27,6095904b3fb937367c62813a,AWAITING REVIEW,2024-01-08T21:27:11.762000Z,2024-01-08T21:37:17.248000Z,,2024-01-08T21:37:17.896220Z,606.0,C9DG4TYX,729,38,Male,White,United States,United States,United States,English,DATA_EXPIRED,DATA_EXPIRED
659c68be3a046064892123d5,604ba3e00588111bec4a4184,AWAITING REVIEW,2024-01-08T21:27:34.282000Z,2024-01-08T21:44:34.404000Z,,2024-01-08T21:44:34.889987Z,1021.0,C9DG4TYX,50,29,Female,White,United States,United States,United States,English,DATA_EXPIRED,DATA_EXPIRED
659c68c4f59c72a20e2b606d,5cfb5233df7d70001619ca90,AWAITING REVIEW,2024-01-08T21:27:36.878000Z,2024-01-08T21:54:00.135000Z,,2024-01-08T21:54:00.643981Z,1584.0,C9DG4TYX,3068,26,Male,White,United States,United States,United States,English,DATA_EXPIRED,DATA_EXPIRED
659c68c430f8950bc5665f10,5a9dd8b1873cda00010d18c5,AWAITING REVIEW,2024-01-08T21:27:39.209000Z,2024-01-08T21:50:16.968000Z,,2024-01-08T21:50:18.266823Z,1358.0,C9DG4TYX,1927,30,Female,White,United States,United States,United States,English,DATA_EXPIRED,DATA_EXPIRED
659c68cbe0497b1b6ab6020f,6101652deeafbb4a9f346388,AWAITING REVIEW,2024-01-08T21:27:44.106000Z,2024-01-08T21:35:03.579000Z,,2024-01-08T21:35:04.084815Z,440.0,C9DG4TYX,367,23,Female,White,United States,United States,United States,English,DATA_EXPIRED,DATA_EXPIRED
659c68ce61bccccb3c908500,64013d507ab5a4cdc0c1a29a,AWAITING REVIEW,2024-01-08T21:28:27.400000Z,2024-01-08T21:43:10.073000Z,,2024-01-08T21:43:10.553668Z,883.0,C9DG4TYX,1062,40,Male,Other,United States,United States,United States,English,No,Full-Time
659c68d0b4488acb31ac5811,57d940a5995a0b00016350be,AWAITING REVIEW,2024-01-08T21:27:51.245000Z,2024-01-08T21:59:19.776000Z,,2024-01-08T21:59:20.295097Z,1889.0,C9DG4TYX,1074,61,Female,White,United States,United States,United States,English,No,DATA_EXPIRED
659c68d2665b6c663b715f50,61705dad05413013eb3d7d00,AWAITING REVIEW,2024-01-08T21:27:51.257000Z,2024-01-08T21:41:55.818000Z,,2024-01-08T21:41:56.247020Z,845.0,C9DG4TYX,1762,45,Female,White,United States,United States,United States,English,No,Full-Time
659c68dfc86d48dcd1ea3625,655bff983e4e25b41dacae2e,AWAITING REVIEW,2024-01-08T21:28:08Z,2024-01-08T21:39:51.569000Z,,2024-01-08T21:39:52.050923Z,704.0,C9DG4TYX,66,25,Male,Mixed,United States,United States,United States,English,No,Unemployed (and job seeking)
659c68e1f0063e8589dc6483,656120c869878f51dec01771,AWAITING REVIEW,2024-01-08T21:28:05.989000Z,2024-01-08T21:50:42.573000Z,,2024-01-08T21:50:43.135761Z,1357.0,C9DG4TYX,209,52,Female,White,United States,United States,United States,Spanish,Yes,Unemployed (and job seeking)
659c6906ecfcf80396d1d5aa,622a04c3557ea04c82c8f62f,AWAITING REVIEW,2024-01-08T21:28:42.216000Z,2024-01-08T21:52:15.592000Z,,2024-01-08T21:52:16.060625Z,1414.0,C9DG4TYX,1009,64,Female,White,United States,United States,United States,English,No,DATA_EXPIRED
659c69092ad12c03376a846f,655f972d8bea916cc48144de,AWAITING REVIEW,2024-01-08T21:28:44.601000Z,2024-01-08T21:35:52.396000Z,,2024-01-08T21:35:52.839066Z,428.0,C9DG4TYX,196,22,Female,Asian,United States,United States,United States,English,Yes,Other
659c690a1bc3f38c24291cb9,63e5b3e89a3823139cb9d35e,AWAITING REVIEW,2024-01-08T21:29:39.972000Z,2024-01-08T21:56:29.036000Z,,2024-01-08T21:56:29.480456Z,1610.0,C9DG4TYX,634,33,Male,White,United States,United States,United States,English,No,DATA_EXPIRED
659c6912b44bbfadb4a785b8,58350bfe8f7d460001e8ba7f,AWAITING REVIEW,2024-01-08T21:28:54.625000Z,2024-01-08T21:41:47.454000Z,,2024-01-08T21:41:47.905141Z,773.0,C9DG4TYX,832,35,Female,White,United States,United States,United States,English,DATA_EXPIRED,DATA_EXPIRED
659c6913974be7f56ad1d1db,611c5e40b04f7302ae826235,AWAITING REVIEW,2024-01-08T21:28:59.061000Z,2024-01-08T21:39:26.792000Z,,2024-01-08T21:39:27.251139Z,628.0,C9DG4TYX,872,27,Male,White,United States,United States,United States,English,DATA_EXPIRED,DATA_EXPIRED
659c6923d19535629e856780,637e31794e63dcbc52047f13,AWAITING REVIEW,2024-01-08T21:29:13.743000Z,2024-01-08T22:31:01.451000Z,,2024-01-08T22:31:01.881166Z,3708.0,C9DG4TYX,25,28,Male,Black,United States,United States,United States,English,No,DATA_EXPIRED
659c69245d7fc1a776930730,5ee2e7bf21501a83d55642cd,AWAITING REVIEW,2024-01-08T21:29:18.725000Z,2024-01-08T21:47:18.298000Z,,2024-01-08T21:47:18.916298Z,1080.0,C9DG4TYX,4575,57,Female,White,United States,United States,United States,English,No,"Not in paid work (e.g. homemaker', 'retired or disabled)"
659c6927d6df80a36390675e,6314c1e76c3f71e2127f1976,AWAITING REVIEW,2024-01-08T21:29:20.925000Z,2024-01-08T21:48:26.414000Z,,2024-01-08T21:48:26.888806Z,1146.0,C9DG4TYX,2558,42,Male,White,United States,United States,United States,English,No,Full-Time
659c692d6248cdad386a0317,5efb37df80745a0577feb997,AWAITING REVIEW,2024-01-08T21:29:21.992000Z,2024-01-08T21:48:27.056000Z,,2024-01-08T21:48:27.514693Z,1146.0,C9DG4TYX,726,22,Female,White,United States,United States,United States,English,No,"Not in paid work (e.g. homemaker', 'retired or disabled)"
659c693734441279e7fd2f43,5e3064f14234ff063ebedcc6,AWAITING REVIEW,2024-01-08T21:29:41.081000Z,2024-01-08T21:44:26.296000Z,,2024-01-08T21:44:26.757691Z,886.0,C9DG4TYX,265,33,Male,White,United States,United States,United States,English,Yes,Full-Time
659c6939f4c0ace95d32f2c2,64e970e4337e163e71677537,AWAITING REVIEW,2024-01-08T21:29:39.942000Z,2024-01-08T21:52:14.360000Z,,2024-01-08T21:52:14.889971Z,1355.0,C9DG4TYX,197,60,Male,White,United States,United States,United States,English,No,DATA_EXPIRED
659c693982bf4b11b3818b4c,657db898123170e6d628b675,AWAITING REVIEW,2024-01-08T21:29:37.836000Z,2024-01-08T21:44:26.521000Z,,2024-01-08T21:44:26.989099Z,889.0,C9DG4TYX,34,24,Female,Asian,India,United States,United States,Punjabi,Yes,Other
659c693a59b00828dd2b5f9b,63d13f416b2c25038c13007f,AWAITING REVIEW,2024-01-08T21:39:06.046000Z,2024-01-08T21:54:20.439000Z,,2024-01-08T21:54:21.182826Z,915.0,C9DG4TYX,1895,46,Female,White,United States,United States,United States,English,No,Unemployed (and job seeking)
659c693bcfe0425704d9b192,645d33ec4a2f50e44e027000,AWAITING REVIEW,2024-01-08T21:29:39.923000Z,2024-01-08T21:47:54.107000Z,,2024-01-08T21:47:54.584373Z,1095.0,C9DG4TYX,1634,52,Female,Other,United States,United States,United States,English,No,Part-Time
659c693d9d304be87c60e0af,63d41c2627381fc53af61e58,AWAITING REVIEW,2024-01-08T21:29:37.895000Z,2024-01-08T21:53:38.753000Z,,2024-01-08T21:53:39.237062Z,1441.0,NOCODE,1262,47,Female,Mixed,United States,United States,United States,English,No,Full-Time
659c693e82bf4b11b3818b4d,610838248aa1f186a7bbe41c,AWAITING REVIEW,2024-01-08T21:29:40.329000Z,2024-01-08T21:50:16.290000Z,,2024-01-08T21:50:17.923188Z,1236.0,C9DG4TYX,518,55,Female,White,United States,United States,United States,English,No,Full-Time
659c694e71d2efe1b7291a0e,60f6cbe36e82179b2ff5b808,AWAITING REVIEW,2024-01-08T21:29:52.932000Z,2024-01-08T21:44:29.084000Z,,2024-01-08T21:44:29.530819Z,877.0,C9DG4TYX,357,42,Female,White,United States,United States,United States,English,No,Full-Time
659c694f0fc567f44b818846,63d863c96c0113e9d3dd83d7,AWAITING REVIEW,2024-01-08T21:30:06.395000Z,2024-01-08T22:20:42.385000Z,,2024-01-08T22:20:42.959285Z,3036.0,C9DG4TYX,6,23,Male,Black,DATA_EXPIRED,United States,United States,English,DATA_EXPIRED,DATA_EXPIRED
659c6951cfe0425704d9b197,61036b50ca5be39e19acdc3d,AWAITING REVIEW,2024-01-08T21:29:59.618000Z,2024-01-08T21:46:12.716000Z,,2024-01-08T21:46:13.114643Z,974.0,C9DG4TYX,1262,24,Female,Mixed,United States,United States,United States,English,No,Part-Time
659c695c59cfe3efb54daa65,5e5165d2f1ecb418da9c2db7,AWAITING REVIEW,2024-01-08T21:30:09.827000Z,2024-01-08T21:46:30.828000Z,,2024-01-08T21:46:31.302404Z,982.0,C9DG4TYX,2740,46,Male,Black,United States,United States,United States,English,No,Part-Time
659c6972dc3b72664db3930c,611b1f8d65d3749d42e746c2,AWAITING REVIEW,2024-01-08T21:30:31.545000Z,2024-01-08T21:57:35.404000Z,,2024-01-08T21:57:36.032782Z,1624.0,C9DG4TYX,1150,58,Female,White,United States,United States,United States,English,DATA_EXPIRED,DATA_EXPIRED
659c69773a04606489212407,5d1cd7474fc2f10001728dde,AWAITING REVIEW,2024-01-08T21:30:36.110000Z,2024-01-08T21:45:01.179000Z,,2024-01-08T21:45:01.662613Z,866.0,C9DG4TYX,348,29,Female,White,United States,United States,United States,English,No,"Not in paid work (e.g. homemaker', 'retired or disabled)"
659c697e3f5b847e1e793dc4,598262809dfc3e00011d7f99,AWAITING REVIEW,2024-01-08T21:30:43.074000Z,2024-01-08T21:46:33.024000Z,,2024-01-08T21:46:33.461464Z,950.0,C9DG4TYX,588,46,Female,White,United States,United States,United States,English,No,Part-Time
659c698ac1eac6aa74ea362e,5a5ec648eedc32000142ce86,AWAITING REVIEW,2024-01-08T21:30:55.870000Z,2024-01-08T21:39:51.696000Z,,2024-01-08T21:39:52.255776Z,536.0,C9DG4TYX,2930,54,Female,White,United States,United States,United States,English,No,DATA_EXPIRED
659c698cbf2c64393c7161cb,5d2a3561d3edf900018016a1,AWAITING REVIEW,2024-01-08T21:30:52.157000Z,2024-01-08T21:42:14.843000Z,,2024-01-08T21:42:15.357876Z,683.0,C9DG4TYX,5503,37,Male,White,United States,United States,United States,English,No,Full-Time
659c69b3bf2c64393c7161e7,5f8b3c348183d30f91832a2b,AWAITING REVIEW,2024-01-08T21:31:35.677000Z,2024-01-08T22:38:09.979000Z,,2024-01-08T22:38:10.385747Z,3995.0,C9DG4TYX,2954,24,Female,Other,United States,United States,United States,English,No,Unemployed (and job seeking)
659c69c4ba2012f16d0fd485,5588ee6ffdf99b304dd48297,AWAITING REVIEW,2024-01-08T21:31:52.926000Z,2024-01-08T21:49:52.310000Z,,2024-01-08T21:49:52.739855Z,1080.0,C9DG4TYX,3342,36,Female,White,United States,United States,United States,English,DATA_EXPIRED,DATA_EXPIRED
659c69f5ba40684c57db4db0,63b63938dbf229f3eb46d4a4,AWAITING REVIEW,2024-01-08T21:32:42.135000Z,2024-01-08T21:50:13.492000Z,,2024-01-08T21:50:13.918064Z,1052.0,C9DG4TYX,1174,51,Male,White,United States,United States,United States,English,DATA_EXPIRED,DATA_EXPIRED
659c6a519b85d977885fae0d,5cd3d5760b858f0016ccd823,AWAITING REVIEW,2024-01-08T21:34:25.005000Z,2024-01-08T21:48:30.277000Z,,2024-01-08T21:48:30.810070Z,846.0,C9DG4TYX,1453,32,Female,White,United States,United States,United States,English,No,Unemployed (and job seeking)
659c6bbc289426d4bcd6c183,6317db8020afb4f2e618569c,AWAITING REVIEW,2024-01-08T21:40:18.864000Z,2024-01-08T21:56:04.001000Z,,2024-01-08T21:56:04.714599Z,946.0,C9DG4TYX,1673,DATA_EXPIRED,Male,White,United States,United States,United States,English,DATA_EXPIRED,DATA_EXPIRED
659c6c035f434ae7674c722e,63d9f41910c61f3eb102079f,AWAITING REVIEW,2024-01-08T21:46:38.688000Z,2024-01-08T22:04:36.160000Z,,2024-01-08T22:04:36.575332Z,1078.0,C9DG4TYX,2111,33,Male,White,United States,United States,United States,English,DATA_EXPIRED,DATA_EXPIRED
659c6c37e90db3f5f1073cf6,644937030a7868838f1e1b9a,AWAITING REVIEW,2024-01-08T21:42:25.152000Z,2024-01-08T22:11:59.051000Z,,2024-01-08T22:11:59.529502Z,1774.0,C9DG4TYX,1358,50,Female,White,United States,United States,United States,English,Yes,Full-Time
659c6d101456a969de2291bb,5c6fb7c3c114eb00018b3154,AWAITING REVIEW,2024-01-08T21:45:59.011000Z,2024-01-08T22:24:11.305000Z,,2024-01-08T22:24:11.778780Z,2293.0,NOCODE,5004,31,Male,Black,United States,United States,United States,English,No,Unemployed (and job seeking)
659c6d2e1bc3f38c24291daa,615e1782e969d4939045c54f,AWAITING REVIEW,2024-01-08T21:47:48.683000Z,2024-01-08T22:24:42.031000Z,,2024-01-08T22:24:42.477274Z,2214.0,C9DG4TYX,1049,33,Male,Black,United States,United States,United States,English,DATA_EXPIRED,DATA_EXPIRED
659c73c755cf3235b06a0776,5608a73fd7def20012b7389d,AWAITING REVIEW,2024-01-08T22:14:36.684000Z,2024-01-08T22:23:22.095000Z,,2024-01-08T22:23:22.604730Z,526.0,C9DG4TYX,6754,36,Male,White,United States,United States,United States,English,DATA_EXPIRED,DATA_EXPIRED
659c73edb6512b3a14794482,6509bd2dd6e135ced062c241,AWAITING REVIEW,2024-01-08T22:15:16.072000Z,2024-01-08T22:37:59.754000Z,,2024-01-08T22:38:00.279731Z,1364.0,C9DG4TYX,647,58,Female,White,United States,United States,United States,English,No,Unemployed (and job seeking)
659c73ee7f7fc72aa666645a,654569d2ff4ee55f7dc63895,AWAITING REVIEW,2024-01-08T22:15:18.716000Z,2024-01-08T22:28:41.421000Z,,2024-01-08T22:28:41.861553Z,803.0,C9DG4TYX,181,27,Female,White,United States,United States,United States,English,No,Due to start a new job within the next month
659c7af6ecfcf80396d1da6c,5afa19a4f856320001cf920f,AWAITING REVIEW,2024-01-08T22:45:14.146000Z,2024-01-08T22:59:53.828000Z,,2024-01-08T22:59:54.726969Z,880.0,C9DG4TYX,3168,39,Male,White,United States,United States,United States,English,No,Full-Time
659c613897b8f168df81575e,63c09c62d1b2a93890da320b,RETURNED,2024-01-08T20:55:26.997000Z,,,,,,933,CONSENT_REVOKED,CONSENT_REVOKED,CONSENT_REVOKED,CONSENT_REVOKED,CONSENT_REVOKED,CONSENT_REVOKED,CONSENT_REVOKED,CONSENT_REVOKED,CONSENT_REVOKED
659c61aad022a563f00fcd3a,5e28e8730fd86a0a19e084cd,TIMED-OUT,2024-01-08T20:57:21.932000Z,,,,188636.0,,4017,39,Male,White,United States,United States,United States,English,DATA_EXPIRED,DATA_EXPIRED
659c61c9d58efaca7f60de60,658ade51d1ea9b95d0cb3be5,RETURNED,2024-01-08T20:57:45.078000Z,,,,,,54,CONSENT_REVOKED,CONSENT_REVOKED,CONSENT_REVOKED,CONSENT_REVOKED,CONSENT_REVOKED,CONSENT_REVOKED,CONSENT_REVOKED,CONSENT_REVOKED,CONSENT_REVOKED
659c62d412bf901ebddb4db9,5c481f5627c6b300019f3f54,RETURNED,2024-01-08T21:02:15.564000Z,,,,,,1050,CONSENT_REVOKED,CONSENT_REVOKED,CONSENT_REVOKED,CONSENT_REVOKED,CONSENT_REVOKED,CONSENT_REVOKED,CONSENT_REVOKED,CONSENT_REVOKED,CONSENT_REVOKED
659c636ff65f1aa2a59c91c0,6109cd0fd945655d5b331a60,RETURNED,2024-01-08T21:04:53.218000Z,,,,,,21,CONSENT_REVOKED,CONSENT_REVOKED,CONSENT_REVOKED,CONSENT_REVOKED,CONSENT_REVOKED,CONSENT_REVOKED,CONSENT_REVOKED,CONSENT_REVOKED,CONSENT_REVOKED
659c63d530f8950bc5665df7,614d465852620924f85603c8,RETURNED,2024-01-08T21:06:29.011000Z,,,,,,1534,CONSENT_REVOKED,CONSENT_REVOKED,CONSENT_REVOKED,CONSENT_REVOKED,CONSENT_REVOKED,CONSENT_REVOKED,CONSENT_REVOKED,CONSENT_REVOKED,CONSENT_REVOKED
659c6417c40673f7dda1c758,6584451f11f0c82aa10b71c0,TIMED-OUT,2024-01-08T21:07:42.436000Z,,,,188015.0,,5,38,Female,White,DATA_EXPIRED,United States,United States,English,No,Due to start a new job within the next month
659c642073a8b8669cb394e1,63e63a16d7a7a9ceb751d456,RETURNED,2024-01-08T21:07:52.540000Z,,,,,,496,CONSENT_REVOKED,CONSENT_REVOKED,CONSENT_REVOKED,CONSENT_REVOKED,CONSENT_REVOKED,CONSENT_REVOKED,CONSENT_REVOKED,CONSENT_REVOKED,CONSENT_REVOKED
659c644355cf3235b06a02f8,61087f78e9163fde22e933c9,RETURNED,2024-01-08T21:08:24.988000Z,,,,,,212,CONSENT_REVOKED,CONSENT_REVOKED,CONSENT_REVOKED,CONSENT_REVOKED,CONSENT_REVOKED,CONSENT_REVOKED,CONSENT_REVOKED,CONSENT_REVOKED,CONSENT_REVOKED
659c64bcd6df80a363906602,645e4f49d473048703d162cb,RETURNED,2024-01-08T21:10:35.621000Z,,,,,,1050,CONSENT_REVOKED,CONSENT_REVOKED,CONSENT_REVOKED,CONSENT_REVOKED,CONSENT_REVOKED,CONSENT_REVOKED,CONSENT_REVOKED,CONSENT_REVOKED,CONSENT_REVOKED
659c6508665b6c663b715e49,5dea96a5770a431bbed1efb2,RETURNED,2024-01-08T21:11:40.879000Z,,,,,,2399,CONSENT_REVOKED,CONSENT_REVOKED,CONSENT_REVOKED,CONSENT_REVOKED,CONSENT_REVOKED,CONSENT_REVOKED,CONSENT_REVOKED,CONSENT_REVOKED,CONSENT_REVOKED
659c65adc86d48dcd1ea3539,5ee6f91291a7f3467cd37704,RETURNED,2024-01-08T21:14:27.379000Z,,,,,,3691,CONSENT_REVOKED,CONSENT_REVOKED,CONSENT_REVOKED,CONSENT_REVOKED,CONSENT_REVOKED,CONSENT_REVOKED,CONSENT_REVOKED,CONSENT_REVOKED,CONSENT_REVOKED
659c660b0fc567f44b81872b,5c33a10c88e52b00017eb86f,RETURNED,2024-01-08T21:16:00.406000Z,,,,,,3645,CONSENT_REVOKED,CONSENT_REVOKED,CONSENT_REVOKED,CONSENT_REVOKED,CONSENT_REVOKED,CONSENT_REVOKED,CONSENT_REVOKED,CONSENT_REVOKED,CONSENT_REVOKED
659c6719468d5232c441c302,569916e4b0e16500050131b4,RETURNED,2024-01-08T21:20:31.450000Z,,,,,,1920,CONSENT_REVOKED,CONSENT_REVOKED,CONSENT_REVOKED,CONSENT_REVOKED,CONSENT_REVOKED,CONSENT_REVOKED,CONSENT_REVOKED,CONSENT_REVOKED,CONSENT_REVOKED
659c671ff28e54987ee36409,654a5b5e1a5a91fecd090714,RETURNED,2024-01-08T21:23:38.042000Z,,,,,,99,CONSENT_REVOKED,CONSENT_REVOKED,CONSENT_REVOKED,CONSENT_REVOKED,CONSENT_REVOKED,CONSENT_REVOKED,CONSENT_REVOKED,CONSENT_REVOKED,CONSENT_REVOKED
659c6790ba40684c57db4d0e,559d9916fdf99b1e2b2dc6b8,RETURNED,2024-01-08T21:24:39.953000Z,,,,,,5075,CONSENT_REVOKED,CONSENT_REVOKED,CONSENT_REVOKED,CONSENT_REVOKED,CONSENT_REVOKED,CONSENT_REVOKED,CONSENT_REVOKED,CONSENT_REVOKED,CONSENT_REVOKED
659c67aafd2cd252f42c05fc,60ebbdd7a4f2acdb9a9769e5,RETURNED,2024-01-08T21:28:01.004000Z,,,,,,2200,CONSENT_REVOKED,CONSENT_REVOKED,CONSENT_REVOKED,CONSENT_REVOKED,CONSENT_REVOKED,CONSENT_REVOKED,CONSENT_REVOKED,CONSENT_REVOKED,CONSENT_REVOKED
659c67f53f5b847e1e793d4c,5a4d3a083646f90001b44066,RETURNED,2024-01-08T21:24:45.197000Z,,,,,,643,CONSENT_REVOKED,CONSENT_REVOKED,CONSENT_REVOKED,CONSENT_REVOKED,CONSENT_REVOKED,CONSENT_REVOKED,CONSENT_REVOKED,CONSENT_REVOKED,CONSENT_REVOKED
659c681e6248cdad386a02c7,5eb077addb52b610583b6563,RETURNED,2024-01-08T21:24:54.706000Z,,,,,,116,CONSENT_REVOKED,CONSENT_REVOKED,CONSENT_REVOKED,CONSENT_REVOKED,CONSENT_REVOKED,CONSENT_REVOKED,CONSENT_REVOKED,CONSENT_REVOKED,CONSENT_REVOKED
659c688161bccccb3c9084ed,6054e1ddb68b58dd23242765,RETURNED,2024-01-08T21:26:29.377000Z,,,,,,3850,CONSENT_REVOKED,CONSENT_REVOKED,CONSENT_REVOKED,CONSENT_REVOKED,CONSENT_REVOKED,CONSENT_REVOKED,CONSENT_REVOKED,CONSENT_REVOKED,CONSENT_REVOKED
659c688f71d2efe1b72919df,62879d3a38cf2c0b429727c6,RETURNED,2024-01-08T21:27:34.803000Z,,,,,,484,CONSENT_REVOKED,CONSENT_REVOKED,CONSENT_REVOKED,CONSENT_REVOKED,CONSENT_REVOKED,CONSENT_REVOKED,CONSENT_REVOKED,CONSENT_REVOKED,CONSENT_REVOKED
659c68bfd022a563f00fcf85,5dd0c9af2b033b185c90d5f0,TIMED-OUT,2024-01-08T21:27:31.964000Z,,,,186826.0,,2159,48,Female,White,United States,United States,United States,English,DATA_EXPIRED,DATA_EXPIRED
659c6909f65f1aa2a59c930f,656f042cc31f84842ad587e4,RETURNED,2024-01-08T21:28:45.228000Z,2024-01-08T22:13:42.174000Z,,2024-01-08T22:13:42.912000Z,,C9DG4TYX,107,CONSENT_REVOKED,CONSENT_REVOKED,CONSENT_REVOKED,CONSENT_REVOKED,CONSENT_REVOKED,CONSENT_REVOKED,CONSENT_REVOKED,CONSENT_REVOKED,CONSENT_REVOKED
659c6913d6df80a363906756,63f7a0d118fd7934c87adfca,RETURNED,2024-01-08T21:28:55.202000Z,,,,,,1173,CONSENT_REVOKED,CONSENT_REVOKED,CONSENT_REVOKED,CONSENT_REVOKED,CONSENT_REVOKED,CONSENT_REVOKED,CONSENT_REVOKED,CONSENT_REVOKED,CONSENT_REVOKED
659c691e70f4d36d4c7a0aa0,5b65f7935c431c000127ae5f,RETURNED,2024-01-08T21:29:05.090000Z,,,,,,567,CONSENT_REVOKED,CONSENT_REVOKED,CONSENT_REVOKED,CONSENT_REVOKED,CONSENT_REVOKED,CONSENT_REVOKED,CONSENT_REVOKED,CONSENT_REVOKED,CONSENT_REVOKED
659c6931665b6c663b715f66,581d5500930a280001062d83,RETURNED,2024-01-08T21:40:00.053000Z,,,,,,3042,CONSENT_REVOKED,CONSENT_REVOKED,CONSENT_REVOKED,CONSENT_REVOKED,CONSENT_REVOKED,CONSENT_REVOKED,CONSENT_REVOKED,CONSENT_REVOKED,CONSENT_REVOKED
659c6933981dcb53b16a82e0,574eab79c18847000e071119,RETURNED,2024-01-08T21:40:00.053000Z,,,,,,4496,CONSENT_REVOKED,CONSENT_REVOKED,CONSENT_REVOKED,CONSENT_REVOKED,CONSENT_REVOKED,CONSENT_REVOKED,CONSENT_REVOKED,CONSENT_REVOKED,CONSENT_REVOKED
659c6a486248cdad386a0372,60c739d1b402ae0d42b37c66,RETURNED,2024-01-08T21:42:18.621000Z,,,,,,825,CONSENT_REVOKED,CONSENT_REVOKED,CONSENT_REVOKED,CONSENT_REVOKED,CONSENT_REVOKED,CONSENT_REVOKED,CONSENT_REVOKED,CONSENT_REVOKED,CONSENT_REVOKED
659c6bbe01c4bba4fc908a0a,5dd1dc9110420023be388e5d,RETURNED,2024-01-08T21:40:19.061000Z,,,,,,6526,CONSENT_REVOKED,CONSENT_REVOKED,CONSENT_REVOKED,CONSENT_REVOKED,CONSENT_REVOKED,CONSENT_REVOKED,CONSENT_REVOKED,CONSENT_REVOKED,CONSENT_REVOKED
